1,0.01,68.96025244,20.41134933,0.295987161,0.000400163,1265645.631
1,0.030714286,28.18377308,59.3267513,2.10499677,2.76E-12,172772.6464
1,0.051428571,17.24328272,101.9794493,5.914155146,0.154584133,72854.82153
1,0.072142857,12.38561099,145.5230524,11.74936404,0.607996798,46245.61553
1,0.092857143,9.655053587,189.2821648,19.60446548,1.689492154,35479.95949
1,0.113571429,7.907471899,233.0205835,29.46840488,3.813694418,30323.10444
1.47826087,0.01,83.75393971,15.38251202,0.183663146,2.26E-14,3048970.098
1.47826087,0.030714286,40.06000256,38.68128904,0.965583788,-1.51E-12,286847.0291
1.47826087,0.051428571,25.09214914,66.60335375,2.654350306,0.031262417,110026.3185
1.47826087,0.072142857,18.15151184,95.75178025,5.275140776,0.122938545,65007.21242
1.47826087,0.092857143,14.19423908,125.3388507,8.830262054,0.343593088,46274.25206
1.47826087,0.113571429,11.64505756,155.0533104,13.31494582,0.780026119,37152.14298
1.47826087,0.134285714,9.867894573,184.7629941,18.72364897,1.541167955,32170.03756
1.47826087,0.155,8.55888622,214.4104072,25.05120429,2.75784454,29298.47127
1.956521739,0.01,92.04600967,13.48398415,0.146491784,0.000100188,5491184.876
1.956521739,0.030714286,50.4683244,28.64451437,0.567574111,5.50E-13,506706.0813
1.956521739,0.051428571,32.53921296,48.69444489,1.496485024,0.009975995,168841.6067
1.956521739,0.072142857,23.75712946,70.24196185,2.956668732,0.038737283,89756.01988
1.956521739,0.092857143,18.65328862,92.4278519,4.955043252,0.108454361,60093.98052
1.956521739,0.113571429,15.33662314,114.8719439,7.490041509,0.247316603,45882.81186
1.956521739,0.134285714,13.01336083,137.3959898,10.55807117,0.490817315,38036.90401
1.956521739,0.155,11.29697659,159.915956,14.15564197,0.881682649,33400.93657
1.956521739,0.175714286,9.977846144,182.3906864,18.27956492,1.469795716,30583.96821
1.956521739,0.196428571,8.932721557,204.802539,22.92722746,2.312179452,28749.42047
1.956521739,0.217142857,8.084421529,227.1488261,28.09710321,3.473175278,27478.06254
2.434782609,0.01,96.91504627,12.60045349,0.130015451,1.21E-14,3420268.735
2.434782609,0.030714286,59.35269928,23.07868048,0.388839611,-4.23E-14,872182.5337
2.434782609,0.051428571,39.50896678,38.09718544,0.964266812,0.004158332,253631.9945
2.434782609,0.072142857,29.16542654,54.86372156,1.881121865,0.015727179,125092.2113
2.434782609,0.092857143,23.01293355,72.4134893,3.146643132,0.043842847,78130.63822
2.434782609,0.113571429,18.97104594,90.34474136,4.762243559,0.100180164,56799.28543
2.434782609,0.134285714,16.12287793,108.439761,6.725831544,0.199511643,45422.65076
2.434782609,0.155,14.01104163,126.5870816,9.034808753,0.359657276,38638.03426
2.434782609,0.175714286,12.38401212,144.72932,11.68678766,0.601459952,34349.70357
2.434782609,0.196428571,11.09266174,162.8358649,14.67960249,0.948754379,31577.52035
2.434782609,0.217142857,10.04316374,180.891685,18.01142445,1.428360151,29708.11771
2.434782609,0.237857143,9.173553066,198.8931018,21.68114146,2.07017684,28352.51069
2.434782609,0.258571429,8.441320392,216.839778,25.6878981,2.907170091,27444.70414
2.913043478,0.01,99.94246322,12.11405047,0.121210245,6.92E-05,-26988791.37
2.913043478,0.030714286,66.80209114,19.76827707,0.295923028,0.000399173,1590029.777
2.913043478,0.051428571,45.954156,31.29073136,0.680911893,0.002081718,427297.776
2.913043478,0.072142857,34.34623273,44.72235541,1.302103662,0.007557811,169759.9373
2.913043478,0.092857143,27.25597061,59.04251707,2.166223244,0.020828477,102117.9512
2.913043478,0.113571429,22.537984,73.85603289,3.276958262,0.047531542,70856.34137
2.913043478,0.134285714,19.18982086,88.91164064,4.633271008,0.094841806,54540.65792
2.913043478,0.155,16.69652589,104.0748051,6.233320978,0.171444304,45028.67129
2.913043478,0.175714286,14.77011027,119.2738956,8.075355797,0.287523618,39025.45038
2.913043478,0.196428571,13.23804674,134.4667417,10.15759683,0.454733312,35076.24252
2.913043478,0.217142857,11.99103046,149.6299136,12.47848665,0.686193581,32414.66577
2.913043478,0.237857143,10.95658713,164.7509988,15.03670776,0.996489712,30555.483
2.913043478,0.258571429,10.08478635,179.8259431,17.83140832,1.401721402,29198.00977
2.913043478,0.279285714,9.340149552,194.8538064,20.86195786,1.919505092,28164.05352
2.913043478,0.3,8.696792501,209.8349476,24.1278549,2.568981001,27381.77556
3.391304348,0.01,101.9268807,11.82029568,0.115968384,6.35E-05,-354143503.2
3.391304348,0.030714286,72.98260822,17.66029718,0.241979529,0.000268305,2476475.157
3.391304348,0.051428571,51.85379885,26.75945788,0.516055881,0.001200427,592795.182
3.391304348,0.072142857,39.27657688,37.66071696,0.958859451,0.004110523,242032.3761
3.391304348,0.092857143,31.36734404,49.59368046,1.581060876,0.011122366,135936.4454
3.391304348,0.113571429,26.02806915,62.07366234,2.384873883,0.025226358,89126.81439
3.391304348,0.134285714,22.20807703,74.88405679,3.371928902,0.050319877,65902.18104
3.391304348,0.155,19.34919411,87.86092064,4.540805169,0.091118039,52925.55442
3.391304348,0.175714286,17.13308049,100.9118941,5.889886185,0.153153419,44705.51722
3.391304348,0.196428571,15.36655925,113.9875805,7.417898741,0.242783707,39400.32013
3.391304348,0.217142857,13.92626952,127.0560478,9.123480456,0.367162565,35730.11941
3.391304348,0.237857143,12.72993701,140.0992358,11.00549325,0.534249496,33187.22354
3.391304348,0.258571429,11.72068879,153.106672,13.0629415,0.752804486,31361.28199
3.391304348,0.279285714,10.85796874,166.0741745,15.29514207,1.032416904,29952.62895
3.391304348,0.3,10.11210117,179.0006356,17.70162626,1.383517406,28884.94296
3.869565217,0.01,103.2878158,11.62731965,0.112572035,5.98E-05,-2049000216
3.869565217,0.030714286,78.0850699,16.24044663,0.207984019,0.00019913,3457536.262
3.869565217,0.051428571,57.21046689,23.58408993,0.412233831,0.000768919,933177.0631
3.869565217,0.072142857,43.94063001,32.58367855,0.74153872,0.002465638,377047.1516
3.869565217,0.092857143,35.3350676,42.64569736,1.206894461,0.006496497,181419.7484
3.869565217,0.113571429,29.43284659,53.31803393,1.811514689,0.014584589,114165.733
3.869565217,0.134285714,25.17195669,64.37005937,2.557213178,0.028992195,80602.52588
3.869565217,0.155,21.96513939,75.65315241,3.444237301,0.052503769,62451.9417
3.869565217,0.175714286,19.47006063,87.05486738,4.471217066,0.088378445,51712.99589
3.869565217,0.196428571,17.47605026,98.50999481,5.636856917,0.140358509,44539.16878
3.869565217,0.217142857,15.84720384,109.9817315,6.94013484,0.212674027,39759.37765
3.869565217,0.237857143,14.49230547,121.4460094,8.380033784,0.310028172,36291.88615
3.869565217,0.258571429,13.34799192,132.8880686,9.955659954,0.437599595,33764.79416
3.869565217,0.279285714,12.36894121,144.2991866,11.66625212,0.601044252,31967.39531
3.869565217,0.3,11.52189951,155.6751237,13.51123776,0.806507434,30626.24264
4.347826087,0.01,104.2572525,11.49445646,0.110250905,5.76E-05,-1966881652
4.347826087,0.030714286,82.29414631,15.23164685,0.185087853,0.000158336,4428359.354
4.347826087,0.051428571,62.04258002,21.31684498,0.343584116,0.000536098,1311811.888
4.347826087,0.072142857,48.32954251,28.85601774,0.597067885,0.001603129,483769.6421
4.347826087,0.092857143,39.14964276,37.39134147,0.95508768,0.004078081,244260.9575
4.347826087,0.113571429,32.74542649,46.60877864,1.423367585,0.009022424,145874.4687
4.347826087,0.134285714,28.07625412,56.26051739,2.003846993,0.017833889,100014.7905
4.347826087,0.155,24.54067622,66.16861514,2.696283287,0.032226144,74645.69004
4.347826087,0.175714286,21.77839738,76.24881505,3.501121488,0.054262869,59869.8162
4.347826087,0.196428571,19.5645026,86.41454346,4.416904699,0.086282913,50692.5298
4.347826087,0.217142857,17.75227005,96.62001496,5.442685059,0.130938319,44404.34889
4.347826087,0.237857143,16.24244465,106.8367181,6.577625502,0.191185309,39979.41355
4.347826087,0.258571429,14.96570934,117.0455882,7.820918176,0.270278033,36766.68708
4.347826087,0.279285714,13.8722784,127.2346574,9.171864466,0.37177157,34340.15986
4.347826087,0.3,12.92551526,137.3968038,10.62988987,0.499525639,32605.49684
4.826086957,0.01,104.9701264,11.39919379,0.108594647,9.21E-05,-1921620391
4.826086957,0.030714286,85.77340867,14.48908625,0.168922822,0.000132345,5119236.323
4.826086957,0.051428571,66.38078726,19.60882747,0.29539914,0.000397645,1831065.309
4.826086957,0.072142857,52.44112051,26.00752866,0.495937699,0.001109182,696022.4841
4.826086957,0.092857143,42.80395882,33.35080176,0.779152272,0.002720392,347896.9956
4.826086957,0.113571429,35.95967099,41.37424481,1.150573508,0.005907322,189157.8638
4.826086957,0.134285714,30.91659435,49.86355956,1.612841278,0.011573563,132981.6963
4.826086957,0.155,27.07237279,58.63686701,2.165930096,0.020827892,90528.24726
4.826086957,0.175714286,24.05560484,67.61438003,2.810753689,0.035021466,70337.2294
4.826086957,0.196428571,21.63003057,76.72149915,3.546989861,0.055711399,58114.68223
4.826086957,0.217142857,19.64000117,85.89076844,4.373256788,0.084630501,50024.83322
4.826086957,0.237857143,17.97918688,95.09055899,5.288924335,0.123729952,44322.39394
4.826086957,0.258571429,16.57288804,104.2976755,6.293270991,0.175156054,40256.2533
4.826086957,0.279285714,15.36720732,113.4967752,7.385647426,0.24125357,37190.32678
4.826086957,0.3,14.32234119,122.678194,8.565512599,0.324568725,34928.27248
5.304347826,0.01,105.5085793,11.32869097,0.107372225,5.47E-05,-1896184255
5.304347826,0.030714286,88.6607875,13.92673938,0.157078905,0.00011478,5290426.074
5.304347826,0.051428571,70.26210486,18.30382732,0.260507814,0.00031026,2432799.05
5.304347826,0.072142857,56.27732242,23.83155214,0.423466347,0.000810931,979142.5948
5.304347826,0.092857143,46.29348254,30.20229404,0.652409203,0.001911749,442847.9257
5.304347826,0.113571429,39.0710355,37.20257218,0.952177788,0.004053748,244609.5408
5.304347826,0.134285714,33.6893389,44.70988824,1.327122755,0.007849837,153735.561
5.304347826,0.155,29.55734718,52.54585318,1.777759447,0.014053356,114412.7996
5.304347826,0.175714286,26.29928531,60.59613867,2.304098303,0.023566644,83507.18822
5.304347826,0.196428571,23.67090213,68.80008677,2.906525758,0.037455358,67030.80517
5.304347826,0.217142857,21.50901665,77.10212995,3.584642255,0.056924037,56640.18993
5.304347826,0.237857143,19.70143122,85.45169142,4.3373342,0.08329577,49439.10425
5.304347826,0.258571429,18.16863535,93.824185,5.164074416,0.118045428,44279.27148
5.304347826,0.279285714,16.85298553,102.2013319,6.064286457,0.162782485,40476.87436
5.304347826,0.3,15.71175633,110.5703043,7.037424842,0.219251795,37614.40164
5.782608696,0.01,105.9246621,11.27480402,0.106441727,5.38E-05,-1882618003
5.782608696,0.030714286,91.069303,13.48750746,0.148101578,0.000102297,4579279.393
5.782608696,0.051428571,73.72704919,17.27788523,0.234349339,0.000251839,3005765.303
5.782608696,0.072142857,59.84505618,22.10606002,0.369388241,0.000618686,1198785.146
5.782608696,0.092857143,49.61637487,27.66812191,0.55764094,0.001399845,568464.7021
5.782608696,0.113571429,42.07555027,33.86152518,0.804779141,0.002901512,330264.8419
5.782608696,0.134285714,36.39096365,40.51640314,1.113364393,0.005534267,193659.9325
5.782608696,0.155,31.9930286,47.54527489,1.486113599,0.009835786,127997.4255
5.782608696,0.175714286,28.50744171,54.80579591,1.922508391,0.01643006,100064.9391
5.782608696,0.196428571,25.68537124,62.23714137,2.423057887,0.026064005,78433.31956
5.782608696,0.217142857,23.35805801,69.78671686,2.987693448,0.039588479,64633.47937
5.782608696,0.237857143,21.40814037,77.41331223,3.616068976,0.05795584,55503.22627
5.782608696,0.258571429,19.7521075,85.07564257,4.307167859,0.082196111,49057.98341
5.782608696,0.279285714,18.32892446,92.75544653,5.060604986,0.113453393,44256.36747
5.782608696,0.3,17.09318253,100.4374709,5.875878916,0.152964419,40741.8484
6.260869565,0.01,106.2525283,11.23279279,0.105717887,4.78E-15,-1876051219
6.260869565,0.030714286,93.09002506,13.13921298,0.14114523,9.31E-05,2319826.917
6.260869565,0.051428571,76.81661776,16.45722272,0.214240397,0.000211063,3593617.315
6.260869565,0.072142857,63.15413193,20.70430119,0.327837634,0.00048858,1608954.494
6.260869565,0.092857143,52.77197255,25.64178207,0.485897738,0.001065179,784430.7247
6.260869565,0.113571429,44.97079114,31.14315349,0.692519582,0.00215264,399779.1251
6.260869565,0.134285714,39.01875324,37.06609334,0.949955861,0.004035802,248611.7152
6.260869565,0.155,34.37710546,43.39024562,1.262184383,0.007105802,162644.6676
6.260869565,0.175714286,30.67824186,49.97003739,1.628842931,0.011810382,103488.9821
6.260869565,0.196428571,27.67198187,56.73319962,2.0502037,0.01868345,92249.61833
6.260869565,0.217142857,25.18581278,63.62915576,2.526388817,0.02833977,75907.54334
6.260869565,0.237857143,23.09837602,70.61925527,3.057325554,0.041472379,62568.05078
6.260869565,0.258571429,21.32250677,77.66974004,3.642617676,0.058844658,53288.18567
6.260869565,0.279285714,19.79436106,84.74750594,4.281396388,0.081275209,48639.9792
6.260869565,0.3,18.46606488,91.83836345,4.973358648,0.109669226,44274.64457
6.739130435,0.01,106.5152854,11.19940475,0.105143639,1.97E-14,-1871984222
6.739130435,0.030714286,94.79576879,12.85832693,0.135642414,-3.23E-05,-2607275.674
6.739130435,0.051428571,79.57056105,15.78424054,0.198367843,0.000181414,4163509.268
6.739130435,0.072142857,66.21649273,19.56566736,0.295480273,-6.09E-13,2001250.415
6.739130435,0.092857143,55.76203117,23.97636191,0.429976481,0.000835912,985317.6133
6.739130435,0.113571429,47.755342,28.88593675,0.604873414,0.001645338,478744.4152
6.739130435,0.134285714,41.57032782,34.22576553,0.823322002,0.003036646,326793.6903
6.739130435,0.155,36.70752098,39.9076895,1.087180186,0.005279888,190991.9219
6.739130435,0.175714286,32.81001457,45.8911273,1.398692683,0.008720609,140557.1018
6.739130435,0.196428571,29.62930528,52.07906264,1.757687605,0.013749801,117923.4278
6.739130435,0.217142857,26.99119009,58.39357587,2.163430945,0.020805767,86254.8663
6.739130435,0.237857143,24.77115348,64.82110154,2.616797865,0.030413965,70897.04941
6.739130435,0.258571429,22.87912121,71.3284614,3.117622427,0.043146317,60989.3448
6.739130435,0.279285714,21.24870445,77.87928285,3.665130881,0.059613867,53619.09463
6.739130435,0.3,19.82990882,84.45415198,4.258927902,0.080488563,47957.62569
7.217391304,0.01,106.7289907,11.1724303,0.104680371,-5.12E-05,-1870339536
7.217391304,0.030714286,96.2445591,12.62863795,0.131214045,-5.95E-14,-12314866.17
7.217391304,0.051428571,82.02612017,15.22773998,0.185645011,0.000159266,4653594.92
7.217391304,0.072142857,69.04586612,18.61761777,0.26964131,0.000332108,2371486.57
7.217391304,0.092857143,58.58962396,22.57595038,0.385323353,0.000672719,1193568.414
7.217391304,0.113571429,50.42841567,27.00098668,0.535431984,0.00129163,669223.3321
7.217391304,0.134285714,44.04439877,31.83669168,0.722831792,0.002344482,385926.5861
7.217391304,0.155,38.98247684,36.97584525,0.948524779,0.004025004,250163.3697
7.217391304,0.175714286,34.90130304,42.41753929,1.215356895,0.006593231,163475.9154
7.217391304,0.196428571,31.55634769,48.08950431,1.52392491,0.010348593,122416.2366
7.217391304,0.217142857,28.7731471,53.90725623,1.873526592,0.015621385,104419.5816
7.217391304,0.237857143,26.42555984,59.83633245,2.26433547,0.022796919,81637.28732
7.217391304,0.258571429,24.42116508,65.85525232,2.696646622,0.032312242,68332.06829
7.217391304,0.279285714,22.69130021,71.93783077,3.170282448,0.0446429,59628.26521
7.217391304,0.3,21.18414718,78.0570336,3.684690865,0.060296639,52996.63849
7.695652174,0.01,106.9050681,11.15032736,0.104301204,5.17E-05,-1869906548
7.695652174,0.030714286,97.48264485,12.43843583,0.127596413,7.65E-05,-31276693.24
7.695652174,0.051428571,84.21750571,14.76192309,0.175283309,0.000142291,5023474.153
7.695652174,0.072142857,71.6567653,17.8175709,0.248651622,0.000283048,2798044.672
7.695652174,0.092857143,61.25875416,21.40888484,0.349482864,0.000554526,1473783.565
7.695652174,0.113571429,52.9901105,25.42168976,0.479744041,0.001038813,830074.3313
7.695652174,0.134285714,46.43985665,29.8045187,0.641787483,0.001851224,462075.1034
7.695652174,0.155,41.20059263,34.49231809,0.837180145,0.003140122,318839.1896
7.695652174,0.175714286,36.95070909,39.44557915,1.067518868,0.005093584,204599.0279
7.695652174,0.196428571,33.45184154,44.65388339,1.334870708,0.007950015,148617.9308
7.695652174,0.217142857,30.53092451,50.01905746,1.638307986,0.01195876,117971.0248
7.695652174,0.237857143,28.06088184,55.51534968,1.978389346,0.017421277,93684.11653
7.695652174,0.258571429,25.9479456,61.09946279,2.354693652,0.024661212,77900.83471
7.695652174,0.279285714,24.12161751,66.7565567,2.767499181,0.034050508,66326.39751
7.695652174,0.3,22.52837616,72.46601669,3.216655128,0.045989814,58456.39045
8.173913043,0.01,107.0518162,11.13198916,0.103986925,5.14E-05,-1870607354
8.173913043,0.030714286,98.54697518,12.27920076,0.124602513,7.30E-05,-70166924.77
8.173913043,0.051428571,86.17562127,14.36809749,0.16673042,0.000129,5212808.858
8.173913043,0.072142857,74.06402883,17.13732933,0.231385324,0.000245624,3223811.459
8.173913043,0.092857143,63.77475747,20.40556486,0.319963034,0.000465723,1732710.609
8.173913043,0.113571429,55.44150208,24.06912636,0.434135538,0.000852197,954344.1285
8.173913043,0.134285714,48.75607076,28.05616549,0.575439428,0.001490616,590192.4264
8.173913043,0.155,43.36085673,32.3679023,0.746477462,0.002500185,367672.4222
8.173913043,0.175714286,38.95696333,36.90410229,0.947304388,0.004016329,251757.5875
8.173913043,0.196428571,35.31476224,41.67704032,1.180159165,0.006221568,166372.9955
8.173913043,0.217142857,32.26343209,46.6463809,1.445797235,0.009324026,132473.1221
8.173913043,0.237857143,29.67644638,51.74098909,1.743503532,0.01354442,106389.1005
8.173913043,0.258571429,27.45888256,56.93904301,2.073611076,0.01914378,88436.91661
8.173913043,0.279285714,25.53912794,62.20878794,2.435822715,0.026401854,76429.45243
8.173913043,0.3,23.86213089,67.54717192,2.830726737,0.035646237,64650.62364
8.652173913,0.01,107.1753762,11.11660685,0.103723516,-1.10E-14,-1870707112
8.652173913,0.030714286,99.46718013,12.14476458,0.122098209,7.02E-05,-157350358.7
8.652173913,0.051428571,87.9280657,14.03221076,0.159587393,0.000118397,5146910.485
8.652173913,0.072142857,76.2824473,16.55335162,0.217000794,0.000216468,3645511.942
8.652173913,0.092857143,66.14345647,19.54274247,0.295459952,0.000397883,2039813.362
8.652173913,0.113571429,57.784138,22.90292181,0.396353093,0.000711553,1196642.887
8.652173913,0.134285714,50.99263444,26.56512261,0.520959996,0.001223646,723137.2976
8.652173913,0.155,45.4626313,30.51755274,0.671266749,0.002024632,445210.6014
8.652173913,0.175714286,40.9193171,34.70145816,0.848045877,0.003222981,301513.9516
8.652173913,0.196428571,37.14412217,39.09260251,1.052457299,0.004953956,214306.7185
8.652173913,0.217142857,33.97009412,43.68475039,1.285976725,0.007384824,149980.182
8.652173913,0.237857143,31.27154757,48.42716948,1.548601628,0.010696672,127660.9945
8.652173913,0.258571429,28.95337181,53.28268262,1.840292833,0.015092966,100975.443
8.652173913,0.279285714,26.94321856,58.20563428,2.160307394,0.020786115,84063.82556
8.652173913,0.3,25.18496399,63.19656194,2.509297292,0.028034325,71823.02181
9.130434783,0.01,107.2803688,11.10357736,0.103500552,5.09E-05,-1871520040
9.130434783,0.030714286,100.267135,12.02991966,0.119978692,2.19E-15,-409028362.7
9.130434783,0.051428571,89.49928513,13.74330927,0.153557755,0.000109801,4734638.73
9.130434783,0.072142857,78.3264338,16.04823652,0.204889151,0.000193344,4048306.388
9.130434783,0.092857143,68.37126308,18.7942183,0.274884761,0.000345033,2352794.56
9.130434783,0.113571429,60.02017012,21.88686144,0.364658437,0.000603324,1360531.81
9.130434783,0.134285714,53.14990525,25.27057199,0.475458458,0.001020798,807488.4979
9.130434783,0.155,47.50531137,28.89830974,0.608317447,0.001665031,504270.4238
9.130434783,0.175714286,42.83701632,32.77910297,0.765205091,0.002627451,361013.0986
9.130434783,0.196428571,38.93911452,36.84258734,0.946158838,0.004008585,252099.0431
9.130434783,0.217142857,35.65001353,41.08619042,1.152487372,0.005937824,192778.8279
9.130434783,0.237857143,32.84550855,45.50783564,1.385511677,0.008571184,140878.9716
9.130434783,0.258571429,30.4310961,50.03321939,1.64414779,0.012058755,114678.8458
9.130434783,0.279285714,28.33357529,54.65401631,1.928948809,0.016587502,99842.91059
9.130434783,0.3,26.49639018,59.33758335,2.239459147,0.022348305,80852.12947
9.608695652,0.01,107.3703226,11.09244468,0.103310155,1.58E-14,-1872349766
9.608695652,0.030714286,100.9661723,11.9311969,0.118170241,6.59E-05,-1015164697
9.608695652,0.051428571,90.91080518,13.4931054,0.148421361,0.000102733,3846379.704
9.608695652,0.072142857,80.2098146,15.6082407,0.194592654,0.000174711,4417813.512
9.608695652,0.092857143,70.46491816,18.13975583,0.257429602,-0.000876491,2679803.868
9.608695652,0.113571429,62.15217538,20.99846145,0.337855615,0.00051875,1593778.738
9.608695652,0.134285714,55.22855239,24.12776826,0.436871278,0.00086313,979330.9914
9.608695652,0.155,49.4884525,27.49178366,0.555519162,0.001390459,640018.9663
9.608695652,0.175714286,44.70949139,31.0873288,0.695318328,0.002172185,417885.485
9.608695652,0.196428571,40.69919579,34.86245764,0.856588367,0.00328942,297782.7465
9.608695652,0.217142857,37.30247161,38.80578603,1.040300665,0.004843406,217998.8836
9.608695652,0.237857143,34.39787914,42.91172908,1.247510898,0.006955897,162644.5805
9.608695652,0.258571429,31.89126462,47.15702023,1.478681413,0.009763154,133193.2907
9.608695652,0.279285714,29.70974592,51.49033061,1.733112452,0.013402576,105145.163
9.608695652,0.3,27.79616212,55.89037935,2.010722887,0.018031585,90541.23971
10.08695652,0.01,107.447969,11.08285731,0.103146271,5.06E-05,-1873241943
10.08695652,0.030714286,101.5800354,11.84573276,0.116614773,9.80E-14,-2375236932
10.08695652,0.051428571,92.18150668,13.27497177,0.144009056,9.68E-05,2309670.935
10.08695652,0.072142857,81.94568574,15.22255865,0.185764003,0.000159485,4736546.455
10.08695652,0.092857143,72.43133161,17.56414299,0.242493719,0.000269446,3011379.421
10.08695652,0.113571429,64.18314384,20.21563772,0.31496802,0.000451572,1828112.34
10.08695652,0.134285714,57.22939548,23.12480032,0.40407207,0.000739484,1128195.06
10.08695652,0.155,51.41211421,26.25351943,0.510648508,0.001176503,757750.6727
10.08695652,0.175714286,46.53628407,29.59162162,0.635882779,0.00181897,461991.9274
10.08695652,0.196428571,42.42379774,33.11150805,0.780493728,0.002734125,351304.292
10.08695652,0.217142857,38.92701277,36.78691452,0.945022798,0.004001196,253435.6271
10.08695652,0.237857143,35.92797259,40.60797146,1.130260589,0.005715604,188203.2955
10.08695652,0.258571429,33.33367429,44.5764737,1.337280533,0.007992786,146396.5475
10.08695652,0.279285714,31.07145792,48.6471844,1.565655031,0.010947511,119233.3384
10.08695652,0.3,29.08392736,52.79810912,1.815370685,0.014710556,99152.10893
10.56521739,0.01,107.5154482,11.07454304,0.103004203,5.04E-05,-1874099107
10.56521739,0.030714286,102.1216157,11.77126213,0.115267097,1.17E-14,-1759776418
10.56521739,0.051428571,93.32790765,13.0836861,0.140190501,-4.89E-14,-118383.2317
10.56521739,0.072142857,83.54632981,14.88254513,0.178135235,0.000146886,4986582.612
10.56521739,0.092857143,74.2774607,17.05491902,0.229610959,-1.22E-12,3343442.489
10.56521739,0.113571429,66.11635212,19.52166119,0.295262224,0.000397456,2079610.242
10.56521739,0.134285714,59.1537069,22.2324199,0.375841533,0.000640693,1307128.315
10.56521739,0.155,53.27650898,25.1542119,0.472144523,0.001007113,866523.8786
10.56521739,0.175714286,48.31716788,28.25480661,0.584777789,0.001540231,584603.8916
10.56521739,0.196428571,44.11250489,31.55062213,0.715230799,0.002298626,393318.3104
10.56521739,0.217142857,40.52317462,34.98855366,0.863420845,0.003343611,294539.1394
10.56521739,0.237857143,37.43524596,38.56508345,1.030181116,0.004753029,221853.5726
10.56521739,0.258571429,34.7577265,42.26605877,1.216019085,0.006615193,164637.5238
10.56521739,0.279285714,32.4181164,46.10081373,1.422069474,0.009039661,134455.1339
10.56521739,0.3,30.35933564,50.01518599,1.647440069,0.012125072,111507.2074
11.04347826,0.01,107.5744559,11.06728399,0.102880223,5.03E-05,-1874935892
11.04347826,0.030714286,102.6015283,11.7059862,0.114091733,6.15E-05,-1767533986
11.04347826,0.051428571,94.36443703,12.91525696,0.136865724,8.77E-05,-3738886.863
11.04347826,0.072142857,85.02317653,14.58123512,0.171497181,0.000136345,5146499.771
11.04347826,0.092857143,76.01020255,16.60214053,0.218419896,0.000219304,3669090.487
11.04347826,0.113571429,67.95529372,18.90335787,0.278173441,0.000353317,2338996.479
11.04347826,0.134285714,61.00293584,21.43621061,0.351396377,0.000560856,1491448.579
11.04347826,0.155,55.08205127,24.16981559,0.438796578,0.000871011,976157.7885
11.04347826,0.175714286,50.05185331,27.07385332,0.540916101,0.001319443,688504.9879
11.04347826,0.196428571,45.7649422,30.15444352,0.65889832,0.001952999,438174.1546
11.04347826,0.217142857,42.0905261,33.38040659,0.793062232,0.002823868,345133.8831
11.04347826,0.237857143,38.91941499,36.73414821,0.9438515,0.003993769,253847.7429
11.04347826,0.258571429,36.16285024,40.20996131,1.111913498,0.00553621,197672.0362
11.04347826,0.279285714,33.74942034,43.80831046,1.298046307,0.007538325,152562.8166
11.04347826,0.3,31.62209596,47.4995746,1.502100767,0.010088491,125418.9593
11.52173913,0.01,107.6263494,11.06091045,0.102771399,5.02E-05,-1875726113
11.52173913,0.030714286,103.0285624,11.6484578,0.113060471,9.95E-05,-1774773767
11.52173913,0.051428571,95.30369592,12.76581021,0.133948742,8.12E-05,-9183026.489
11.52173913,0.072142857,86.38679615,14.31298704,0.165684893,0.000127436,5193542.866
11.52173913,0.092857143,77.63631385,16.1976175,0.208634551,0.000200394,3981650.131
11.52173913,0.113571429,69.70361575,18.34977957,0.263254343,0.000316901,2606395.741
11.52173913,0.134285714,62.77876047,20.72257098,0.330088884,0.000495588,1689651.173
11.52173913,0.155,56.8293017,23.28589781,0.409751609,0.000760498,1114562.809
11.52173913,0.175714286,51.74045563,26.01532842,0.502804394,0.001141427,788992.4814
11.52173913,0.196428571,47.38092131,28.89142221,0.60976911,0.001674469,518942.5327
11.52173913,0.217142857,43.62874719,31.93220331,0.731907409,0.002407655,381807.4368
11.52173913,0.237857143,40.38010318,35.086776,0.86891249,0.003388085,292628.2582
11.52173913,0.258571429,37.54887277,38.35791913,1.021546489,0.004677251,225193.1467
11.52173913,0.279285714,35.06505151,41.73643991,1.190257482,0.0063439,177900.6844
11.52173913,0.3,32.87185947,45.22303746,1.375737126,0.008469531,140573.5656
12,0.01,107.6722253,11.05528367,0.102675352,5.01E-05,-1876468375
12,0.030714286,103.4100344,11.59750221,0.112150646,5.95E-05,-1781499147
12,0.051428571,96.15668281,12.6327889,0.131377129,8.10E-05,-17249908.06
12,0.072142857,87.6469169,14.07309404,0.160565762,0.000119839,5089347.174
12,0.092857143,79.16234811,15.83464598,0.200027492,0.000184465,4275049.297
12,0.113571429,71.3650579,17.8520552,0.250151205,0.000286548,2877399.102
12,0.134285714,64.48303573,20.08013585,0.311401838,0.000441663,1895873.486
12,0.155,58.51900049,22.48941303,0.384309589,0.000669837,1263458.632
12,0.175714286,53.38313533,25.06067299,0.469449253,0.000996182,874610.2903
12,0.196428571,48.96010977,27.76604498,0.56711566,0.001449995,628209.2007
12,0.217142857,45.13753722,30.62394255,0.678458428,0.002070973,444188.7931
12,0.237857143,41.81697518,33.59984233,0.803497675,0.002899964,338361.0957
12,0.258571429,38.91547925,36.68272974,0.942625671,0.003986131,255868.67
12,0.279285714,36.36460857,39.86866272,1.096358913,0.005387138,202223.2559
12,0.3,34.10834949,43.15694194,1.26528966,0.007170109,149663.447